stage,fast,mid1,mid2,mid3,sharpe,expectancy,trades,win_rate
1,30,120,,,-0.0050384400841413405,-0.16683778234086977,487,38.19301848049281
